Date,Close,High,Low,Open,Volume,Symbol
2022-03-21,162.74298095703125,163.69751527513725,160.410760966115,160.90278834594352,95811400,AAPL
2022-03-22,166.12815856933594,166.71858251121776,162.28050023380402,162.87092417568584,81532000,AAPL
2022-03-23,167.49598693847656,169.88723307812018,164.9767938445975,165.31138391398235,98062700,AAPL
2022-03-24,171.29444885253906,171.36332488957797,167.49599622256298,168.33243390367338,90131400,AAPL
2022-03-25,171.9340362548828,172.4851044775775,169.99544731866433,171.1074339208408,80546200,AAPL
2022-03-28,172.80003356933594,172.92795048627315,169.25743018713217,169.42471770580778,90371900,AAPL
2022-03-29,176.10647583007812,176.1556665638957,173.52824171831267,173.87266694795463,100589400,AAPL
2022-03-30,174.93544006347656,176.74609743731983,173.88249413539714,175.7030016679424,92633200,AAPL
2022-03-31,171.82582092285156,175.19128676604245,171.61916279397346,175.00431393883977,103049300,AAPL
2022-04-01,171.5305938720703,172.09151232886626,169.1983887454629,171.25505972274473,78751300,AAPL
2022-04-04,175.59474182128906,175.6439475646401,171.6585226009615,171.78645453057726,76468400,AAPL
2022-04-05,172.26864624023438,175.45698948199342,171.6388517127187,174.66974256872732,73401800,AAPL
2022-04-06,169.0901641845703,170.86146610106397,167.4172737694601,169.61171210783138,89058800,AAPL
2022-04-07,169.3952178955078,170.59576613151657,167.14173867476228,168.43084825224216,77594700,AAPL
2022-04-08,167.3778839111328,169.0409389910171,166.5020757053073,169.0409389910171,76575500,AAPL
2022-04-11,163.10707092285156,166.33476922464124,162.8610572412183,166.0198795202021,72246700,AAPL
2022-04-12,164.9866485595703,167.1614014854587,163.98290835466773,165.34090892509556,79265200,AAPL
2022-04-13,167.6829071044922,168.31270148269238,164.11079891952852,164.7209080003055,70618900,AAPL
2022-04-14,162.65443420410156,168.53909354843174,162.40842046943686,167.89944882901148,75329400,AAPL
2022-04-18,162.4379425048828,163.9435452353402,160.9618602189061,161.30627040967605,69023900,AAPL
2022-04-19,164.7307586669922,165.14407487442162,161.29641720934256,162.38871857930025,67723800,AAPL
2022-04-20,164.5634765625,166.1871759578773,163.45150487225482,166.06907917381437,67929800,AAPL
2022-04-21,163.7664031982422,168.7949239860417,163.26454063992998,166.21670513338208,87227800,AAPL
2022-04-22,159.21023559570312,165.1932911869879,158.92486628163977,163.8057851903542,84882400,AAPL
2022-04-25,160.2828369140625,160.56820617483112,155.93331687209525,158.55089100434944,96046400,AAPL
2022-04-26,154.29978942871094,159.75144619433357,154.22106324602348,159.66288486961668,95623200,AAPL
2022-04-27,154.07347106933594,157.24211378977282,152.9024434257798,153.42399128149194,88063200,AAPL
2022-04-28,161.03074645996094,161.8967195942573,156.3958411813348,156.710745963074,130216800,AAPL
2022-04-29,155.13624572753906,163.54991794930683,154.7426297819827,159.25943807460507,131747600,AAPL
2022-05-02,155.44129943847656,155.70698341755673,150.8260801242461,154.21123096519486,123055300,AAPL
2022-05-03,156.9370574951172,158.14745572719883,153.8274556953841,155.6282627909498,88966500,AAPL
2022-05-04,163.372802734375,163.82545959087432,156.72058183628712,157.12404795896134,108256500,AAPL
2022-05-05,154.27027893066406,161.46371729012728,152.47929194392455,161.23738888499025,130525300,AAPL
2022-05-06,154.99954223632812,157.12822726592017,151.94448418251287,153.74795219056614,116124600,AAPL
2022-05-09,149.85520935058594,153.57055058807703,149.293481863643,152.68359108165603,131577900,AAPL
2022-05-10,152.26971435546875,154.46739183893223,150.71262137734965,153.26507972972064,115366700,AAPL
2022-05-11,144.37586975097656,153.1960990593114,143.69587178095387,151.2743754728662,142689800,AAPL
2022-05-12,140.49298095703125,144.08020299470905,136.78750364436277,140.6999427258126,182602000,AAPL
2022-05-13,144.9770050048828,145.95265608735048,141.03500230205145,142.49353909158592,113990900,AAPL
2022-05-16,143.4297637939453,145.38106598701418,142.08948225415682,143.43962842487466,86643800,AAPL
2022-05-17,147.07614135742188,147.5984555661727,144.55324673702833,146.70164625018603,78336300,AAPL
2022-05-18,138.77821350097656,145.2233813560545,137.87153963890293,144.72078142086878,109742900,AAPL
2022-05-19,135.35848999023438,139.6059944348513,134.61936466820006,137.85180487356,136095600,AAPL
2022-05-20,135.5950469970703,138.65995498562737,130.68725738522548,137.07329814838306,137426100,AAPL
2022-05-23,141.03500366210938,141.18282274987226,135.65416330433425,135.79213279876197,117726300,AAPL
2022-05-24,138.3248291015625,139.91148525938434,135.33876425757822,138.76830124954733,104132700,AAPL
2022-05-25,138.48257446289062,139.73414963230113,136.33417493293138,136.42286639453397,92482700,AAPL
2022-05-26,141.6953125,142.24719057579537,135.15158738869113,135.3979626037819,90601500,AAPL
2022-05-27,147.47032165527344,147.50973506608682,143.15382385017716,143.28194375102797,90978500,AAPL
2022-05-31,146.6819305419922,148.47554915584195,144.71092900811684,146.90860654542266,103718400,AAPL
2022-06-01,146.55381774902344,149.53988370849348,145.53873817938137,147.72655096677192,74286600,AAPL
2022-06-02,149.0175323486328,149.07665997069225,144.7305992987982,145.68653595554252,72348100,AAPL
2022-06-03,143.27207946777344,145.82452236693706,142.36542073655667,144.77002952584698,88570300,AAPL
2022-06-06,144.0210723876953,146.4158469197131,142.79904610031343,144.89816741340283,71598400,AAPL
2022-06-07,146.55381774902344,146.83960633947197,142.0106588574211,142.25703403584302,67808200,AAPL
2022-06-08,145.81468200683594,147.69697680968412,145.32193168448424,146.42568759453718,53950200,AAPL
2022-06-09,140.5718231201172,145.80482957531117,140.46341743862806,144.9474487547002,69473000,AAPL
2022-06-10,135.1417236328125,138.7190811555441,135.07273136179253,138.24604500265073,91437900,AAPL
2022-06-13,129.96783447265625,133.23968891028474,129.53421176750797,130.94347052169286,122207100,AAPL
2022-06-14,130.83505249023438,131.9486729653345,129.57361294213226,131.19969793288186,84784300,AAPL
2022-06-15,133.4663543701172,135.34866434133303,130.24377786500034,132.3428841585756,91533000,AAPL
2022-06-16,128.17420959472656,130.47042786825955,127.16899474112004,130.16492507881696,108123900,AAPL
2022-06-17,129.6524658203125,131.15043105016284,127.92783964673345,128.18407944512376,134520300,AAPL
2022-06-21,133.8999481201172,135.07269612109914,131.38693387520644,131.48547490267777,81000500,AAPL
2022-06-22,133.38751220703125,135.7625572241762,131.96838893721528,132.83561923956722,73409200,AAPL
2022-06-23,136.2652130126953,136.58056547968613,133.66349125043254,134.83623972192547,72433800,AAPL
2022-06-24,139.60601806640625,139.85239321545572,137.74342254109405,137.87152739306867,89116800,AAPL
2022-06-27,139.60601806640625,141.40948596195392,138.92602024902237,140.63093206993196,70207900,AAPL
2022-06-28,135.44720458984375,141.34049395514106,135.328949330103,140.06920480029078,67083400,AAPL
2022-06-29,137.21128845214844,138.6304121785202,134.68840851084335,135.46696265623785,66242400,AAPL
2022-06-30,134.73765563964844,136.36372576433453,131.8304316095035,135.25996980273172,98964500,AAPL
2022-07-01,136.9156036376953,137.02400931509246,133.69302720857007,134.06750724522163,71051600,AAPL
2022-07-05,139.5074920654297,139.5567701133716,134.94461850939908,135.772450617196,73353800,AAPL
2022-07-06,140.8477325439453,142.03033016068872,139.03441519576913,139.30050454673838,74064300,AAPL
2022-07-07,144.22802734375,144.42512446788226,141.20253310502923,141.21238269809453,66253700,AAPL
2022-07-08,144.90802001953125,145.41063501342293,142.89760515660754,143.15382993164704,64547800,AAPL
2022-07-11,142.76950073242188,144.51384141572962,141.69530843445892,143.5579044056013,63141600,AAPL
2022-07-12,143.7451171875,146.29756011597522,142.94686411267188,143.64656111311933,77588800,AAPL
2022-07-13,143.3804931640625,144.32656535504097,140.05934579014044,140.91674157030096,71185600,AAPL
2022-07-14,146.31729125976562,146.79032738889836,141.17297636311127,141.99094375492155,78140700,AAPL
2022-07-15,147.99264526367188,148.67264318460957,146.05120759050547,147.6083005741264,76259900,AAPL
2022-07-18,144.93760681152344,149.37236031781808,144.57296129769512,148.5543928665957,81420900,AAPL
2022-07-19,148.81060791015625,149.0372688640094,144.77991359630315,145.77526390456921,82982400,AAPL
2022-07-20,150.8209991455078,151.49114734609626,148.18971445377295,148.92883987406518,64823400,AAPL
2022-07-21,153.09751892089844,153.3143302483906,149.73695838231532,152.25983742490192,65086600,AAPL
2022-07-22,151.85580444335938,154.01405345612082,151.1856711624816,153.13695840464973,66675400,AAPL
2022-07-25,150.73233032226562,152.7920231935369,150.07204665223094,151.7769586670234,53623900,AAPL
2022-07-26,149.4019012451172,150.87028755705626,148.61349773507445,150.05232023117222,55138700,AAPL
2022-07-27,154.51663208007812,155.04881082380393,149.9537745387539,150.36768298523742,78620700,AAPL
2022-07-28,155.06854248046875,155.3543310693815,152.17116799178928,154.70389699283152,81378700,AAPL
2022-07-29,160.15371704101562,161.257488076031,157.1873652790473,158.90214195015406,101786900,AAPL
2022-08-01,159.16818237304688,161.2180252437156,158.5571768672624,158.6754321167576,67829400,AAPL
2022-08-02,157.68995666503906,160.05516729364513,157.31547663627524,157.77866315380257,59907000,AAPL
2022-08-03,163.72125244140625,164.17457438761855,158.41925333428367,158.50794479712317,82507500,AAPL
2022-08-04,163.4058837890625,164.76587969298566,162.04588788513934,163.60298093980023,55474100,AAPL
2022-08-05,163.1788787841797,163.67231353700947,160.85972942250632,161.0669786444056,56697000,AAPL
2022-08-08,162.70516967773438,165.60656841764427,162.04396891961866,164.18547392802034,60276900,AAPL
2022-08-09,162.75453186035156,163.6427235312398,161.10646144310655,161.86635524789833,63135500,AAPL
2022-08-10,167.017822265625,167.11650019395563,164.7085358778416,165.4782929876242,70170500,AAPL
2022-08-11,166.27764892578125,168.7448226972921,165.98158506151321,167.82702622390457,57149200,AAPL
2022-08-12,169.84027099609375,169.9093440404782,167.1757109224635,167.59020942251294,68039400,AAPL
2022-08-15,170.9159698486328,171.11334078167582,169.10013317113808,169.26789921714646,54091700,AAPL
2022-08-16,170.75804138183594,171.42912052331732,169.40603488259293,170.5113239880509,56377100,AAPL
2022-08-17,172.25807189941406,173.83705404292962,170.30407453228813,170.5014454179234,79542000,AAPL
2022-08-18,171.86334228515625,172.60349451732048,170.8468677576589,171.4686004513763,62290100,AAPL
2022-08-19,169.2678680419922,171.45871962967124,169.06061881248345,170.75803562921558,70346300,AAPL
2022-08-22,165.3697509765625,167.62967580149297,164.94538920566245,167.461909771558,69026800,AAPL
2022-08-23,165.0341796875,166.49475736672866,164.4617935794401,164.88615528818852,54147100,AAPL
2022-08-24,165.33026123046875,165.90264739975865,164.06706935977206,165.12302704926418,53841500,AAPL
2022-08-25,167.79745483398438,167.90601110393493,166.13952095667054,166.56386770201752,51218200,AAPL
2022-08-26,161.47158813476562,168.80403659370677,161.41237837214825,168.33034343433388,78961000,AAPL
2022-08-29,159.26104736328125,160.76107856277122,157.72153294049875,159.03405647544307,73314000,AAPL
2022-08-30,156.8234405517578,160.4255083111715,155.64906340226676,160.00116164152158,77906200,AAPL
2022-08-31,155.1556396484375,158.47152210531658,155.07668827346,158.20506309707196,87991100,AAPL
2022-09-01,155.8859405517578,156.33989216971713,152.6391308869704,154.5832653521816,74229900,AAPL
2022-09-02,153.76414489746094,158.2544044411162,152.93517807481416,157.65241340262483,76957800,AAPL
2022-09-06,152.50096130371094,155.02734512371137,151.67199443622994,154.41549077748996,73714800,AAPL
2022-09-07,153.9121856689453,154.61285463504657,151.59303614241935,152.78715495485997,87449600,AAPL
2022-09-08,152.431884765625,154.30693097885487,150.6752430270464,152.60951406525444,84923800,AAPL
2022-09-09,155.30364990234375,155.74775322839724,152.71805660596894,153.42860385753409,68028800,AAPL
2022-09-12,161.28408813476562,162.10319169268726,157.20832701154205,157.49451256385936,104956000,AAPL
2022-09-13,151.8200225830078,158.4320461932663,151.35619264515168,157.80045022276116,122656600,AAPL
2022-09-14,153.27073669433594,155.03724195917457,151.59306115038453,152.75756021389577,87965400,AAPL
2022-09-15,150.36932373046875,153.2016498653033,149.39233241450626,152.61938532747467,90481100,AAPL
2022-09-16,148.72122192382812,149.36269609630034,146.42181431655243,149.2245349767334,162278800,AAPL
2022-09-19,152.4516143798828,152.530565756339,147.142266074514,147.34950026158054,81474200,AAPL
2022-09-20,154.83982849121094,156.00434240653766,151.06999458899193,151.3857850189289,107689800,AAPL
2022-09-21,151.7015838623047,156.65567307047792,151.58316433856976,155.2740467070239,101696800,AAPL
2022-09-22,150.7344970703125,152.44177758979671,148.92852354850243,150.37922334375253,86652500,AAPL
2022-09-23,148.45474243164062,149.48109494231213,146.6093016486392,149.20477274138455,96029900,AAPL
2022-09-26,148.7903289794922,151.750937683408,147.67516154898482,147.69490315670595,93339400,AAPL
2022-09-27,149.76734924316406,152.68849035626477,147.98111738826654,150.73449244930677,84442700,AAPL
2022-09-28,147.87252807617188,148.6620267188795,142.93818038229188,145.7014181025515,146691400,AAPL
2022-09-29,140.60914611816406,144.79347774230442,138.83277820893315,144.18162354073726,128138200,AAPL
2022-09-30,136.38539123535156,141.22106186093816,136.18802030456854,139.42495175640798,124925300,AAPL
2022-10-03,140.57957458496094,141.1914439900878,135.88208060719077,136.39525702678367,114311700,AAPL
2022-10-04,144.18167114257812,144.30009068947933,142.36581942561767,143.125713321253,87830100,AAPL
2022-10-05,144.47769165039062,145.44483462169993,141.13220458118386,142.17829892107557,79471000,AAPL
2022-10-06,143.52044677734375,145.60274235287363,143.31321258240413,143.895462065149,68402200,AAPL
2022-10-07,138.25057983398438,141.2210674225479,137.6189837955429,140.6684077127789,85925600,AAPL
2022-10-10,138.57623291015625,140.0269324842531,136.75053311295184,138.57623291015625,74899000,AAPL
2022-10-11,137.15513610839844,139.49402735669463,136.40512061529776,138.063054355342,77033700,AAPL
2022-10-12,136.52352905273438,138.51700974724292,136.3458997629281,137.30316442493086,70433700,AAPL
2022-10-13,141.1124725341797,141.70458518782445,132.60564736672077,133.2175166847836,113224000,AAPL
2022-10-14,136.56301879882812,142.62239748423457,136.37551116721934,142.41514824444727,88598000,AAPL
2022-10-17,140.54010009765625,141.02365655306738,138.4281998048671,139.21769847828358,85250900,AAPL
2022-10-18,141.86251831054688,144.77378089201514,138.7637480781357,143.5796769966995,99136600,AAPL
2022-10-19,141.97105407714844,143.0467382727137,139.6420413366173,139.82954896048238,61758300,AAPL
2022-10-20,141.50723266601562,143.97440668910568,140.77694373414428,141.14209572929755,64522000,AAPL
2022-10-21,145.3362579345703,145.9086439824768,140.77691115529626,140.99402362375844,86548600,AAPL
2022-10-24,147.4876708984375,148.25742804538453,144.08297350872007,145.25735083913412,75981900,AAPL
2022-10-25,150.33969116210938,150.4877306173899,147.39882436341958,148.11923485879902,74732300,AAPL
2022-10-26,147.38894653320312,149.99428106943935,146.09613500854059,148.97780682232195,88194300,AAPL
2022-10-27,142.8987274169922,147.09292340264514,142.23752656273683,146.12579536819774,109180200,AAPL
2022-10-28,153.695068359375,155.4319533375391,145.87906336998515,146.25406355734995,164762400,AAPL
2022-10-31,151.32656860351562,152.21476020669766,149.92521569193562,151.14893931793952,97943200,AAPL
2022-11-01,148.67190551757812,153.4088828100258,147.17187450407766,153.04374586124993,80379300,AAPL
2022-11-02,143.1256866455078,150.1719344831505,143.09608176430027,146.9942133937789,93604600,AAPL
2022-11-03,137.05645751953125,140.92498461939732,136.92815965034873,140.1946956802254,97918500,AAPL
2022-11-04,136.78956604003906,141.03025327243037,132.83553912246873,140.45691755937278,140814800,AAPL
2022-11-07,137.32330322265625,137.55065546458727,134.11065751752983,135.53410910483916,83374600,AAPL
2022-11-08,137.8966827392578,139.80449340378325,135.90978972981833,138.79622744381308,89908500,AAPL
2022-11-09,133.31988525390625,136.95759752003397,133.0431046023265,136.90816917152026,74917800,AAPL
2022-11-10,145.18197631835938,145.18197631835938,137.8966866598679,139.61669377296678,118854000,AAPL
2022-11-11,147.97946166992188,148.28589635779667,142.71071873245964,144.14406562748653,93979700,AAPL
2022-11-14,146.5757598876953,148.5527731206919,145.73552323030617,147.25783186642536,73374100,AAPL
2022-11-15,148.31553649902344,151.82473825025608,146.85255082741247,150.47048891741846,89868300,AAPL
2022-11-16,147.0798797607422,148.14746862169088,145.5971199677711,147.4159834438759,64218300,AAPL
2022-11-17,148.9877166748047,149.7389762643868,144.47023425105218,144.74701489370946,80389400,AAPL
2022-11-18,149.5511474609375,150.94494529919749,148.24632667446954,150.5594283528078,74829600,AAPL
2022-11-21,146.30886840820312,148.6417447784354,146.02220810744817,148.43416682216127,58724100,AAPL
2022-11-22,148.4539031982422,148.6911501950918,145.24125698087363,146.42747688170903,51804100,AAPL
2022-11-23,149.33372497558594,150.08498469071404,147.62359740352187,147.73233375155243,58301400,AAPL
2022-11-25,146.40773010253906,147.16888449613631,145.42910302505686,146.6054284287757,35195900,AAPL
2022-11-28,142.5624237060547,144.95460787890806,141.73208177830335,143.47184797217477,69246000,AAPL
2022-11-29,139.5474853515625,143.14564904140522,138.73691772229893,142.6316213475949,83763800,AAPL
2022-11-30,146.3286590576172,147.01073115671917,138.93463248466975,139.77485420692707,111380900,AAPL
2022-12-01,146.60545349121094,147.41603637579163,144.92499480579926,146.5066118529032,71250400,AAPL
2022-12-02,146.11117553710938,146.2989942268281,143.97599740675216,144.2824471593233,65447400,AAPL
2022-12-05,144.9447479248047,149.18543519719876,144.0946315261712,146.07164500360574,68826400,AAPL
2022-12-06,141.26748657226562,145.60703008872727,140.28885957535718,145.3796777864446,64727200,AAPL
2022-12-07,139.32012939453125,141.72219330934035,138.39093073198447,140.55576270463825,69721100,AAPL
2022-12-08,141.01046752929688,141.87047857115377,139.47829428917862,140.7238072376209,62128300,AAPL
2022-12-09,140.52610778808594,143.89691905591846,139.28057976630063,140.7040317435328,76097000,AAPL
2022-12-12,142.829345703125,142.83922534059286,139.43875970806542,141.05991017433828,70462700,AAPL
2022-12-13,143.79808044433594,148.24636089095367,142.58222134561697,147.7817615043003,93886200,AAPL
2022-12-14,141.5640411376953,144.9743859949628,139.5375995292449,143.67944472283807,82291200,AAPL
2022-12-15,134.93115234375,140.17024039649047,134.46655303010576,139.48816842184618,98931900,AAPL
2022-12-16,132.96401977539062,136.06792995299983,132.19298581991796,135.1189720463015,160156900,AAPL
2022-12-19,130.8486328125,133.64610870665976,129.81071279854106,133.55714671976315,79592600,AAPL
2022-12-20,130.77943420410156,131.7185125149171,128.39712953221752,129.87988952300458,77432800,AAPL
2022-12-21,133.8932342529297,135.23760401600552,131.2242690848365,131.45162141055363,85928000,AAPL
2022-12-22,130.7102508544922,133.01347352460496,128.80243995719394,132.80589554186707,77852100,AAPL
2022-12-23,130.34449768066406,130.8980590346716,128.150011539123,129.4152989435447,63814900,AAPL
2022-12-27,128.53550720214844,129.8996510860134,127.24056601774359,129.86999709579138,69007800,AAPL
2022-12-28,124.59137725830078,129.52402325835672,124.42333294025542,128.17965363057965,85438400,AAPL
2022-12-29,128.12033081054688,128.9803266572618,126.26194126578521,126.51894753125764,75703700,AAPL
2022-12-30,128.4366912841797,128.45646564507604,125.96543163347312,126.93417169125195,77034200,AAPL
2023-01-03,123.63252258300781,129.39551044224086,122.74286511723291,128.7826411649236,112117500,AAPL
2023-01-04,124.90769958496094,127.18126787275598,123.64241229292817,125.4316068972832,89113600,AAPL
2023-01-05,123.58309936523438,126.30149268134268,123.32609306355886,125.66884902202133,80962700,AAPL
2023-01-06,128.1302490234375,128.79254678200937,123.45461599396971,124.56174634601723,87754700,AAPL
2023-01-09,128.65414428710938,131.87668586554148,128.3971379685157,128.97047367930062,70790800,AAPL
2023-01-10,129.2274627685547,129.7513700565325,126.64745995571087,128.76286346285156,63896200,AAPL
2023-01-11,131.95574951171875,131.97550878336855,128.96057576470602,129.7414893304502,69458900,AAPL
2023-01-12,131.8766632080078,132.71688473025435,129.92930408672314,132.34126249583184,71379600,AAPL
2023-01-13,133.21115112304688,133.36931580754018,130.14678954891528,130.51253218381837,57809700,AAPL
2023-01-17,134.37762451171875,135.71209971819903,132.58842951445754,133.2803812974567,63646600,AAPL
2023-01-18,133.65597534179688,137.01689153014115,133.47803632197883,135.24747146776636,69672800,AAPL
2023-01-19,133.7152862548828,134.6840184578663,132.23252641864943,132.5389610381249,58280400,AAPL
2023-01-20,136.28541564941406,136.43370070636414,132.67737218152695,133.72518688361293,80223600,AAPL
2023-01-23,139.48818969726562,141.67279627654958,136.3150763566329,136.5325490508029,81760300,AAPL
2023-01-24,140.891845703125,141.51460969317372,138.68748018952127,138.6973598255773,66435100,AAPL
2023-01-25,140.2295684814453,140.79300948686725,137.21461987031523,139.2707157250627,65799300,AAPL
2023-01-26,142.30543518066406,142.59209549504305,140.26909865118563,141.52450641893512,54105100,AAPL
2023-01-27,144.25277709960938,145.53783884062292,141.43554202324185,141.51462437013356,70555800,AAPL
2023-01-30,141.3564453125,143.87714018615392,141.208175354279,143.29392490593287,64015300,AAPL
2023-01-31,142.63160705566406,142.68103540109175,140.64471427014323,141.05988522159177,65874500,AAPL
2023-02-01,143.75852966308594,144.9249754734958,139.69578139358237,142.31531825228282,77663600,AAPL
2023-02-02,149.08657836914062,149.44242627870938,146.46702672863907,147.18863235095503,118339000,AAPL
2023-02-03,152.72425842285156,155.57116204732878,146.13092169771272,146.32861998643196,154357300,AAPL
2023-02-06,149.98611450195312,151.3403789118004,149.04703617157855,150.81647157748358,69858300,AAPL
2023-02-07,152.87254333496094,153.44587898676582,148.90863720361276,148.90863720361276,83322600,AAPL
2023-02-08,150.17393493652344,152.80336635897712,149.43255491704016,152.11141469080906,64120100,AAPL
2023-02-09,149.13597106933594,152.55621020156494,148.69114616029947,152.01252860900382,56007100,AAPL
2023-02-10,149.5023193359375,149.82902644753565,147.73019724066455,147.9678065326758,57450700,AAPL
2023-02-13,152.31396484375,152.71985991539307,149.41321016170093,149.44290943263957,62199000,AAPL
2023-02-14,151.67042541503906,152.2347417014366,149.35379194828116,150.60120648274088,61707600,AAPL
2023-02-15,153.7791748046875,153.94747569846558,151.3536388197947,151.58133825179516,65573800,AAPL
2023-02-16,152.1753387451172,154.76917536637725,151.81893244470842,151.97732349543472,68167900,AAPL
2023-02-17,151.02694702148438,151.47245120963535,149.34392280711089,150.8289468385779,59144100,AAPL
2023-02-21,146.99755859375,149.7894107206676,146.92826533516197,148.70038717333577,58867200,AAPL
2023-02-22,147.42327880859375,148.4528887502369,145.69075089528818,147.3836697109664,51011300,AAPL
2023-02-23,147.90835571289062,148.83897298969475,145.76993304792467,148.59146903762738,48394200,AAPL
2023-02-24,145.2452392578125,145.720442659753,144.26511807901926,145.64123957502227,55469600,AAPL
2023-02-27,146.44314575195312,147.68066559008122,145.97783708430148,146.23525087875586,44998500,AAPL
2023-02-28,145.93824768066406,147.59157242356576,145.36403664496177,145.58184135182967,50547000,AAPL
2023-03-01,143.85922241210938,145.76005131760687,143.56221459109048,145.3640509605452,55479000,AAPL
2023-03-02,144.45321655273438,145.24523225541392,142.46327502261613,142.93849350808966,52238100,AAPL
2023-03-03,149.5220947265625,149.60129780845313,145.85903905116976,146.56194185497878,70732300,AAPL
2023-03-06,152.29415893554688,154.73949959731118,151.92785785960842,152.25454983701871,87558000,AAPL
2023-03-07,150.08645629882812,152.4921883229488,149.62114749387143,152.1654811765038,56182000,AAPL
2023-03-08,151.34376525878906,151.93778099624427,150.31415510117412,151.2843667063331,47204800,AAPL
2023-03-09,149.08648681640625,152.99704649679572,148.73008049756518,152.02683517023416,53833600,AAPL
2023-03-10,147.01736450195312,149.43300577006005,146.13625093512175,148.7102983763868,68572400,AAPL
2023-03-13,148.9676971435547,151.6110378452132,146.2253488070177,146.33425116280637,84457100,AAPL
2023-03-14,151.0665283203125,151.86843881288326,148.60139830336453,149.7696098588517,73695900,AAPL
2023-03-15,151.46253967285156,151.71993837140982,148.42318357477492,149.68050801163758,77167900,AAPL
2023-03-16,154.29397583007812,154.89788610113325,150.1260024664939,150.64081493684654,76161100,AAPL
2023-03-17,153.4524688720703,155.17510202547024,152.7396561952458,154.52168788730708,98944600,AAPL
2023-03-20,155.82850646972656,156.24432646768744,152.6109545912959,153.5217825705538,73641400,AAPL
2023-03-21,157.6897430419922,157.80854012474336,154.97709383642948,155.7493201936468,73938300,AAPL
2023-03-22,156.25421142578125,160.52117754091816,156.2344068779623,157.70953600837723,75701800,AAPL
2023-03-23,157.3432159423828,159.93706781022715,156.10569609721924,157.24422341863578,67622100,AAPL
2023-03-24,158.65005493164062,158.73915274100096,156.27402271003157,157.27393337455686,59196500,AAPL
2023-03-27,156.69970703125,159.16485192823146,156.2937969084943,158.34313696257095,52390300,AAPL
2023-03-28,156.07598876953125,156.90761354343223,154.4226641545453,156.39280108462546,45992200,AAPL
2023-03-29,159.16488647460938,159.4420897633789,157.75906547972215,157.7788549243155,51305700,AAPL
2023-03-30,160.73899841308594,160.84790077737682,159.659884598305,159.9172833200629,49501700,AAPL
2023-03-31,163.25363159179688,163.35263923391068,160.29349343380431,160.8182007028279,68749800,AAPL
2023-04-03,164.51095581054688,164.62975289569243,162.58042764470542,162.62993146566447,56976200,AAPL
2023-04-04,163.976318359375,165.17422899271943,163.4615059243357,164.9366348738105,46278300,AAPL
2023-04-05,162.12501525878906,163.40214436262949,160.18459235196994,163.09524181864398,51511700,AAPL
2023-04-06,163.01605224609375,163.3130600930005,160.38260583340545,160.8083054990294,45390100,AAPL
2023-04-10,160.41229248046875,160.41229248046875,158.48176428720794,159.80838211165943,47716900,AAPL
2023-04-11,159.19454956054688,160.73897184874764,158.9074365082997,160.7290771287002,47644200,AAPL
2023-04-12,158.50157165527344,160.44199460478865,158.18475927615913,159.61038476928212,50133100,AAPL
2023-04-13,163.9070281982422,164.1446374499689,159.8083630212289,160.01627300479524,68445600,AAPL
2023-04-14,163.56051635742188,164.6594344955985,162.18439500479005,162.94669629132068,49386500,AAPL
2023-04-17,163.58030700683594,163.73871316096566,162.39229106374768,163.44170539858303,41516200,AAPL
2023-04-18,164.80796813964844,165.73858561594125,163.99614775175192,164.44166704612937,49923000,AAPL
2023-04-19,165.95639038085938,166.48109766330478,163.8872454167369,164.14465925023921,47720200,AAPL
2023-04-20,164.9861602783203,166.19398100625685,163.90704646438456,164.43175373561738,52456400,AAPL
2023-04-21,163.3724365234375,164.78815208279067,162.8477292777316,163.40213579346278,58337300,AAPL
2023-04-24,163.67933654785156,163.94664508043508,162.25371118266517,163.35262947612597,41949600,AAPL
2023-04-25,162.13491821289062,164.64955210777222,162.09530911482935,163.5407390651718,48714100,AAPL
2023-04-26,162.12501525878906,163.62984381357916,161.1746083552498,161.43200707778223,45498800,AAPL
2023-04-27,166.72857666015625,166.8770729984066,163.54072434320634,163.54072434320634,64902300,AAPL
2023-04-28,167.98590087890625,168.15421688581486,166.2038842356674,166.80779457565893,55209200,AAPL
2023-05-01,167.8968048095703,168.74821914844807,166.95629265889536,167.5899022757501,52472900,AAPL
2023-05-02,166.8572998046875,168.6492415594711,165.86728374647268,168.3918277162097,48425700,AAPL
2023-05-03,165.77818298339844,169.21353985292495,165.4910849784499,167.80771888799373,65136000,AAPL
2023-05-04,164.13473510742188,165.3722550253471,162.66951575440282,163.24372680909343,81235400,AAPL
2023-05-05,171.83705139160156,172.55975870309268,169.05509427610923,169.2728989628231,113316400,AAPL
2023-05-08,171.7677459716797,172.1142575536809,170.3916245765101,170.7579255984111,55962800,AAPL
2023-05-09,170.05503845214844,171.80735575023974,169.8867375588741,171.32225761857964,45326900,AAPL
2023-05-10,171.82716369628906,172.29247239543182,170.18373361448457,171.29256173687202,53724500,AAPL
2023-05-11,172.01528930664062,172.8468991660868,170.45106212923693,172.11429695457542,49514700,AAPL
2023-05-12,171.08335876464844,172.5605130962495,169.52687667093326,172.12430116865193,45497800,AAPL
2023-05-15,170.58767700195312,171.71785564660993,169.9928397669383,171.66828335580215,37266700,AAPL
2023-05-16,170.58767700195312,171.64845141401116,170.3199987334625,170.50836436212853,42110300,AAPL
2023-05-17,171.2023468017578,171.44026961578084,168.9518977126324,170.23079334736886,57951600,AAPL
2023-05-18,173.54197692871094,173.73034253127065,171.09325435010916,171.50963430597616,65496700,AAPL
2023-05-19,173.6510467529297,174.87044639396197,173.43294078431077,174.87044639396197,55772400,AAPL
2023-05-22,172.69931030273438,173.20492646986477,171.95577135327312,172.48120433403864,43570900,AAPL
2023-05-23,170.0820770263672,171.8864057178537,169.8044903241909,171.6385593675291,50747300,AAPL
2023-05-24,170.35963439941406,170.93463964845503,169.05101376120967,169.61609547644804,45143500,AAPL
2023-05-25,171.49974060058594,172.4018896852921,170.21093674442764,170.92473533776644,56058300,AAPL
2023-05-26,173.91873168945312,174.25581421879875,171.61872545109665,171.826923039006,54835000,AAPL
2023-05-30,175.77259826660156,177.44804166812344,175.0488913092159,175.43553093054112,55964400,AAPL
2023-05-31,175.7230682373047,177.8049837003616,175.23728392863376,175.80238088733307,99625300,AAPL
2023-06-01,178.53857421875,178.56831456742498,175.4057930547119,176.16916396782793,68901800,AAPL
2023-06-02,179.3911590576172,180.21401063542314,177.7157155545107,179.47047169338217,61945900,AAPL
2023-06-05,178.03298950195312,183.35672418608127,176.50624753561252,181.05671795588958,121946500,AAPL
2023-06-06,177.66616821289062,178.56831734898336,175.90148844243106,178.41961560329207,64848400,AAPL
2023-06-07,176.28814697265625,179.64894264257165,175.79245430672572,176.90280103766142,61944600,AAPL
2023-06-08,179.01446533203125,179.2821284929526,175.93125619506344,176.367453055308,50214900,AAPL
2023-06-09,179.40109252929688,180.6601409825454,179.0739335613958,179.93643394119178,48870700,AAPL
2023-06-12,182.20669555664062,182.30584013644759,179.4109969086846,179.70841552076647,54274900,AAPL
2023-06-13,181.73085021972656,182.56361030209754,180.86834978636662,181.22524912557424,54929100,AAPL
2023-06-14,182.36532592773438,182.8015378873281,180.45195952819037,181.79032062893717,57462900,AAPL
2023-06-15,184.40757751464844,184.91319370821412,182.19679249165128,182.37524971506843,65433200,AAPL
2023-06-16,183.32696533203125,185.37914013584773,182.68257094685526,185.12137027990616,101235600,AAPL
2023-06-20,183.41619873046875,184.4968202621219,182.82137659501507,182.82137659501507,49799100,AAPL
2023-06-21,182.375244140625,183.81274978200145,181.01703601018858,183.30713360389032,49515700,AAPL
2023-06-22,185.38905334472656,185.43862563579464,182.0877384404729,182.15714267343606,51245300,AAPL
2023-06-23,185.07180786132812,185.94423180057566,183.41619616013958,183.95155271461957,53079300,AAPL
2023-06-26,183.6739501953125,186.42999999051133,183.63428631385352,185.2205087707664,48088700,AAPL
2023-06-27,186.43992614746094,186.767085127622,184.07051577054278,184.28862175731683,50730800,AAPL
2023-06-28,187.61965942382812,188.26405378835105,185.9838798047539,186.311023626698,51216800,AAPL
2023-06-29,187.95672607421875,188.43260188630063,187.3123317121149,187.4511250421375,46347300,AAPL
2023-06-30,192.29901123046875,192.8046122965116,189.61235036422667,189.9791732182635,85069600,AAPL
2023-07-03,190.80203247070312,192.20979786240994,190.1080506189076,192.11065327577057,31458200,AAPL
2023-07-05,189.68177795410156,191.31755787833387,188.97788763602904,189.91971590542352,46920300,AAPL
2023-07-06,190.15762329101562,190.365820872437,187.57010689891024,188.204592923582,45094300,AAPL
2023-07-07,189.037353515625,191.01021583133178,188.60115666342472,189.76107572138073,46778000,AAPL
2023-07-10,186.9851837158203,188.3533002828443,185.42870151973196,187.62957811566648,59922200,AAPL
2023-07-11,186.45974731445312,187.66923857945199,184.9925013196807,187.53044524382943,46638100,AAPL
2023-07-12,188.13519287109375,190.04855924155865,186.84638895388292,188.0459566971953,60750200,AAPL
2023-07-13,188.89854431152344,189.54295381895912,188.1450969456968,188.85889555641208,41342300,AAPL
2023-07-14,189.0472869873047,189.53305615859267,187.99642086899894,188.59124304090398,41573900,AAPL
2023-07-17,192.31883239746094,192.64599134916114,190.1576046603519,190.2468257033596,50520200,AAPL
2023-07-18,192.06106567382812,192.65590289157154,190.76235338000512,191.68434955477355,48353800,AAPL
2023-07-19,193.4192657470703,196.52229125160747,190.99035981508428,191.43649527350667,80507300,AAPL
2023-07-20,191.4662322998047,194.77745530266796,190.84165477071602,193.4093388588882,59581200,AAPL
2023-07-21,190.2864990234375,193.29039530573385,189.58260879656223,192.42789492586837,71917800,AAPL
2023-07-24,191.08950805664062,193.2309038397432,190.59381542873754,191.74382595603396,45377800,AAPL
2023-07-25,191.9520263671875,192.7649696142135,191.25805964859208,191.66453127210508,37283200,AAPL
2023-07-26,192.82444763183594,193.95462630849192,191.6546201978147,192.0015959886147,47471900,AAPL
2023-07-27,191.55548095703125,195.50119046422063,190.89125457942112,194.33136299756583,47460200,AAPL
2023-07-28,194.14300537109375,194.93611671931453,192.46756161890426,192.99299467254062,48291400,AAPL
2023-07-31,194.7576446533203,194.7973085377491,193.57789369266726,194.37100498050742,38824100,AAPL
2023-08-01,193.9248809814453,195.0352276872512,193.59772201405482,194.54945856713078,35175100,AAPL
2023-08-02,190.92098999023438,193.4985827896997,190.1972829299724,193.3597894476311,50389300,AAPL
2023-08-03,189.52313232421875,190.71279169853844,189.04727159995883,189.91969553388512,61235200,AAPL
2023-08-04,180.42221069335938,185.7657766923876,180.3528064633521,183.92179948550063,115799700,AAPL
2023-08-07,177.30926513671875,181.55239296699656,175.8221872019764,180.5610076771683,97576100,AAPL
2023-08-08,178.25108337402344,178.71703568412062,176.05020675575068,178.14203038384454,67823000,AAPL
2023-08-09,176.65496826171875,179.37135459798415,175.48512561412892,179.3118738938821,60378500,AAPL
2023-08-10,176.43682861328125,179.19287831156532,176.07002092304583,177.93381484794008,54686900,AAPL
2023-08-11,176.4964141845703,177.32037701982404,175.26544597344693,176.02984778529373,51988100,AAPL
2023-08-14,178.15428161621094,178.38260392804418,176.01991561712387,176.67511718788185,43675600,AAPL
2023-08-15,176.15890502929688,178.1741339293912,175.76182141117968,177.5785085022154,43622600,AAPL
2023-08-16,175.28530883789062,177.24096145960885,175.2158108770956,175.84123193317788,46964900,AAPL
2023-08-17,172.73399353027344,176.218449670705,172.21777275650916,175.85114660071363,66062900,AAPL
2023-08-18,173.22044372558594,173.8260060676773,170.70885281849434,171.04637539663875,61114200,AAPL
2023-08-21,174.5605926513672,174.84849110751958,172.47588124297116,173.79620604217206,46311900,AAPL
2023-08-22,175.9404754638672,176.38719824747957,174.96761015656983,175.77171419662545,42084200,AAPL
2023-08-23,179.8022003173828,180.2290795956185,177.0325064942749,177.22112651388355,52722800,AAPL
2023-08-24,175.0966796875,179.78233860000068,174.72936147404116,179.355459364837,54945800,AAPL
2023-08-25,177.31044006347656,177.84650437604776,174.54074667761984,176.08939374478845,51449600,AAPL
2023-08-28,178.8789520263672,179.27603559399373,177.25088516267095,178.77967356057698,43820700,AAPL
2023-08-29,182.7803497314453,183.55467328918405,178.19396940518234,178.39251118833664,53003900,AAPL
2023-08-30,186.28466796875,186.48322490340712,183.39585240180426,183.59439418869403,60813900,AAPL
2023-08-31,186.5030517578125,187.7439567493299,186.1158900063697,186.47327124983738,60794500,AAPL
2023-09-01,188.0814971923828,188.538141753245,186.91007498628073,188.11127770079705,45732600,AAPL
2023-09-05,188.31976318359375,188.59772472633045,186.24497340110617,186.91009674606673,45280000,AAPL
2023-09-06,181.57916259765625,187.47594597496703,180.14963751857883,187.02920802693,81755800,AAPL
2023-09-07,176.26806640625,176.91334607803304,172.27731178924952,173.90537850075847,112488800,AAPL
2023-09-08,176.88356018066406,178.92858440411607,176.4963984153427,177.05233659559462,65551300,AAPL
2023-09-11,178.05499267578125,178.98815574028976,176.04968578063105,178.75983344187836,58953100,AAPL
2023-09-12,175.01727294921875,178.81940831086655,173.54804542949864,178.18406545251986,90370200,AAPL
2023-09-13,172.94247436523438,176.00998823848755,172.7141369128852,175.22572770658326,84267900,AAPL
2023-09-14,174.46131896972656,174.8187002110415,172.31703152183695,172.7339737787434,60895800,AAPL
2023-09-15,173.73663330078125,175.2157976120051,172.55530438661506,175.1959388893145,109205100,AAPL
2023-09-18,176.6750946044922,178.0748391046168,174.88818834345716,175.1959303652364,67257600,AAPL
2023-09-19,177.76710510253906,178.32302815377042,175.84121799808253,176.22837977645918,51826900,AAPL
2023-09-20,174.21315002441406,178.3925098170354,174.1237933470795,177.95570880879336,58436200,AAPL
2023-09-21,172.66448974609375,175.01725608596104,172.59500693822505,173.27998896827123,63047900,AAPL
2023-09-22,173.51821899414062,175.7915654067452,172.7836129384518,173.39909696300535,56725400,AAPL
2023-09-25,174.7988739013672,175.68239780791916,172.88290837390605,172.93254761202513,46172700,AAPL
2023-09-26,170.70884704589844,173.92526351342306,170.4110267791137,173.54803864674588,64588900,AAPL
2023-09-27,169.18994140625,171.78095161168793,167.81999260813018,171.36400935593267,66921800,AAPL
2023-09-28,169.4480743408203,170.77832096236608,166.40040416763804,168.1078907839796,56294400,AAPL
2023-09-29,169.9642791748047,171.81074638236362,169.10059901226265,170.7683831744606,51814200,AAPL
2023-10-02,172.48580932617188,173.03181060107437,169.6863201427267,169.97421860938772,52164500,AAPL
2023-10-03,171.1456298828125,172.366691440067,169.57713912474932,171.0066491138284,49594600,AAPL
2023-10-04,172.39645385742188,172.9424550881848,169.72602386786275,169.84514590084152,53020300,AAPL
2023-10-05,173.6373748779297,174.17343922355133,171.42358924241523,172.52551359241795,48527900,AAPL
2023-10-06,176.19859313964844,176.69495515352654,171.91993985589522,172.53543905358532,57224100,AAPL
2023-10-09,177.68768310546875,177.74724412480685,174.52089096334598,175.52353680032698,42390800,AAPL
2023-10-10,177.092041015625,178.41236580749592,176.6552400140717,176.80415770883764,43698000,AAPL
2023-10-11,178.49179077148438,178.54143000452555,176.30780084757703,176.90342620076967,47551100,AAPL
2023-10-12,179.39517211914062,181.01330204161414,177.73730960362397,178.75982932462722,56743100,AAPL
2023-10-13,177.5487060546875,180.60628286156256,176.84386529966793,180.09999903884182,51427100,AAPL
2023-10-16,177.4196319580078,177.77701319881453,175.22570528432323,175.46396449411634,52517000,AAPL
2023-10-17,175.86105346679688,177.12181720914745,173.52816111664285,175.3646914585386,57549400,AAPL
2023-10-18,174.5605926513672,176.28793794498117,173.83590833900334,174.30248985254676,54764400,AAPL
2023-10-19,174.18336486816406,176.5460377577175,173.9153251388443,174.75913147519677,59302900,AAPL
2023-10-20,171.62213134765625,174.14364366291989,171.3838721325441,174.03444341613093,64189300,AAPL
2023-10-23,171.74127197265625,172.7439178760632,168.69360166729962,169.66648220683237,55980100,AAPL
2023-10-24,172.17807006835938,172.4063923696406,170.20254365913797,171.7909082758531,43816600,AAPL
2023-10-25,169.8551025390625,171.80083332633419,169.4083645680371,170.62942613878033,57157000,AAPL
2023-10-26,165.67572021484375,170.13305676328346,164.4645956319317,169.1303957533013,70625300,AAPL
2023-10-27,166.99606323242188,167.7306845808466,165.6161772243234,165.6955969766749,58499100,AAPL
2023-10-30,169.05096435546875,169.92456632823416,167.6412980843576,167.79021577395145,51131000,AAPL
2023-10-31,169.52749633789062,169.6565401685357,166.67836791176023,168.11782995408234,44846000,AAPL
2023-11-01,172.70420837402344,172.9623111800798,168.88221462983017,169.75581666227828,56934900,AAPL
2023-11-02,176.2780303955078,176.4864939793014,174.18338188289627,174.2429429068373,77334800,AAPL
2023-11-03,175.36471557617188,175.53349201222565,172.0887379893404,172.9722618796391,79763700,AAPL
2023-11-06,177.92593383789062,178.1244756256995,174.92791800211177,175.09667927913767,63841300,AAPL
2023-11-07,180.4971160888672,181.1126002277605,177.66784614167742,177.87630973489087,70530000,AAPL
2023-11-08,181.55931091308594,182.11523398810698,180.26876654734838,181.023246561535,49340300,AAPL
2023-11-09,181.0828094482422,182.78035920210118,180.4871689201494,181.62881074103257,53763500,AAPL
2023-11-10,185.2875518798828,185.4565506612299,182.43468499907056,182.87206148972973,66133400,AAPL
2023-11-13,183.6970977783203,184.9197527658604,183.1106225987718,184.71101456121173,43627500,AAPL
2023-11-14,186.32135009765625,186.987349680322,185.18815428767326,186.579792942837,60108400,AAPL
2023-11-15,186.887939453125,188.36905250310778,186.65931635404164,186.72890587030213,53790500,AAPL
2023-11-16,188.57781982421875,189.82035984023278,187.52413314974999,188.43865594913416,54412900,AAPL
2023-11-17,188.55792236328125,189.24380683321974,187.44461143684416,189.11457782649978,50922700,AAPL
2023-11-20,190.3074188232422,190.7646802061248,188.74679650771577,188.75673136709773,46505100,AAPL
2023-11-21,189.50225830078125,190.37701130719432,188.60763557529475,190.26766718139268,38134500,AAPL
2023-11-22,190.1682586669922,191.77858564632436,189.69112755602794,190.3471923134316,39617700,AAPL
2023-11-24,188.83624267578125,189.76068506922263,188.1205384889839,189.73086532541635,24048300,AAPL
2023-11-27,188.65731811523438,189.53207108953595,187.77263028176083,188.78654712309,40552600,AAPL
2023-11-28,189.263671875,189.9396214691522,188.26963995303524,188.64737693705334,38415400,AAPL
2023-11-29,188.2398223876953,190.9435904601538,187.84221568139642,189.76069003248776,43014200,AAPL
2023-11-30,188.8163604736328,189.1841625986753,187.06686975200412,188.70701635554832,48794400,AAPL
2023-12-01,190.0986785888672,190.41676093068807,188.1006646303825,189.19410585978827,45679300,AAPL
2023-12-04,188.29946899414062,188.91577913023963,186.33128993843854,188.84618961175903,43389500,AAPL
2023-12-05,192.26565551757812,193.23980256929687,189.0449865799245,189.07482149235318,66628400,AAPL
2023-12-06,191.17222595214844,193.5976510937421,190.9634725753497,193.28950362567244,41089700,AAPL
2023-12-07,193.110595703125,193.83623479668313,192.43464607405332,192.4744158469115,47477700,AAPL
2023-12-08,194.5419921875,194.8203199094653,192.5141585929263,193.04099429291227,53377300,AAPL
2023-12-11,192.02708435058594,192.33524699521988,190.27759358324766,191.9575100014726,60943700,AAPL
2023-12-12,193.5479736328125,193.5579084922386,190.5758125501861,191.92769665062553,52696900,AAPL
2023-12-13,196.778564453125,196.8183190559037,193.68712459255818,193.925682544677,70404200,AAPL
2023-12-14,196.9276580810547,198.42864077264184,194.98929893159502,196.83819885132337,66831600,AAPL
2023-12-15,196.39089965820312,197.2159328291742,195.82429416614897,196.3511298862745,128256700,AAPL
2023-12-18,194.72091674804688,195.45650584640038,193.22986883323685,194.91972010314345,55751900,AAPL
2023-12-19,195.7646484375,195.77458329630363,194.72091188963017,194.98930475456203,40714100,AAPL
2023-12-20,193.667236328125,196.50021813416774,193.667236328125,195.72487446786357,52242800,AAPL
2023-12-21,193.51812744140625,195.90381315665195,192.34517705306277,194.92966611931476,46482500,AAPL
2023-12-22,192.44459533691406,194.24379077463595,191.8183503425399,194.01515250091973,37122800,AAPL
2023-12-26,191.8978729248047,192.73285613100865,191.67918468017166,192.45452839560733,28919300,AAPL
2023-12-27,191.9972686767578,192.34518593287333,189.94956524818429,191.34121910492223,48087700,AAPL
2023-12-28,192.42471313476562,193.4982694967864,192.01715638138543,192.98136861854135,34049900,AAPL
2023-12-29,191.38096618652344,193.23980104114617,190.58573760932344,192.7427850763616,42628800,AAPL
2024-01-02,184.53207397460938,187.3153662175252,182.79251821875232,186.03305662356883,82488700,AAPL
2024-01-03,183.15037536621094,184.77065219734183,182.3352619375341,183.1205556229884,58414500,AAPL
2024-01-04,180.82435607910156,181.99730650228184,179.80050438167336,181.06291404030495,71983600,AAPL
2024-01-05,180.09869384765625,181.6692660827433,179.09472708075188,180.90387243418792,62303300,AAPL
2024-01-08,184.4525604248047,184.49233019548157,180.41679326133186,181.0032684531674,59144500,AAPL
2024-01-09,184.03506469726562,184.04499955584959,181.63944418662982,182.82234457021028,42841800,AAPL
2024-01-10,185.0788116455078,185.2875498615879,182.82235486658107,183.24979649333252,46792900,AAPL
2024-01-11,184.4823760986328,185.93366934185158,182.524132048394,185.42670336710847,49128400,AAPL
2024-01-12,184.81040954589844,185.6255229866903,184.08477050382692,184.9495734055796,40444700,AAPL
2024-01-16,182.53408813476562,183.16031793652851,179.85018978995151,181.07285998444632,65603000,AAPL
2024-01-17,181.58973693847656,181.83824490899738,179.22395137316974,180.18816351220838,47317400,AAPL
2024-01-18,187.50425720214844,188.01120805146246,184.72096462518135,184.97940747954695,78005800,AAPL
2024-01-19,190.41676330566406,190.8044351704297,187.693125392904,188.20007624137466,68741000,AAPL
2024-01-22,192.73284912109375,194.16425751836653,191.11257223144145,191.15234200232317,60133900,AAPL
2024-01-23,194.01513671875,194.58174217570732,192.6732027698961,193.8561031440579,42355600,AAPL
2024-01-24,193.33921813964844,195.20800309667513,193.1801693842155,194.25372573180164,53631300,AAPL
2024-01-25,193.0111846923828,195.0986578845498,191.95751323703675,194.0549212884663,54822100,AAPL
2024-01-26,191.27162170410156,193.59765277461963,190.79449062577763,193.11058683739938,44594000,AAPL
2024-01-29,190.58575439453125,191.05295065599338,188.44859162482356,190.8640821459055,47145600,AAPL
2024-01-30,186.91775512695312,190.65532484477694,186.35116482109103,189.80045678886228,55859400,AAPL
2024-01-31,183.29946899414062,185.98336715144941,183.24977953529768,185.92371249893742,55467800,AAPL
2024-02-01,185.74481201171875,185.83427124755644,182.72296153753896,182.8919451500293,64885400,AAPL
2024-02-02,184.74082946777344,186.21199239128737,178.1802130458578,178.78657309445222,102518000,AAPL
2024-02-05,186.55992126464844,188.12055880845503,184.73090599759692,187.02711752504118,69668800,AAPL
2024-02-06,188.1702423095703,188.180177168222,185.65534280788862,185.74480203892318,43490800,AAPL
2024-02-07,188.2795867919922,189.9097985097057,187.48435823433906,189.5022417883465,53439000,AAPL
2024-02-08,187.19610595703125,188.40881099372643,186.23189374257132,188.25971226684047,40962000,AAPL
2024-02-09,187.9624786376953,189.0971204380579,187.11646725876852,187.76340641648085,45155200,AAPL
2024-02-12,186.2704620361328,187.78332288230948,185.91215328801408,187.53449778464588,41781900,AAPL
2024-02-13,184.1703643798828,185.33487911795885,182.64755610649428,184.89694454758455,56529500,AAPL
2024-02-14,183.2845458984375,184.65806518525375,181.58259087415234,184.44906062504626,54630500,AAPL
2024-02-15,182.9959259033203,183.62296999377594,180.4977274519665,182.68738521978767,65434500,AAPL
2024-02-16,181.45318603515625,183.981257173353,180.81619448303394,182.5579699194549,49701400,AAPL
2024-02-20,180.70672607421875,181.5726325042779,179.15405998428736,180.93564089848354,53665600,AAPL
2024-02-21,181.4631805419922,182.03049388623003,179.81097819372195,181.08496152111414,41529700,AAPL
2024-02-22,183.50350952148438,184.09074823448796,181.60249751065342,182.61769287128237,52292200,AAPL
2024-02-23,181.6622314453125,184.1703774935557,181.37358582743232,184.14051969682032,45119700,AAPL
2024-02-26,180.30862426757812,181.90109579673225,179.80101134340092,181.38355052297356,40867400,AAPL
2024-02-27,181.77169799804688,183.05562869813585,178.71611879819,180.24888975946536,54318900,AAPL
2024-02-28,180.5673828125,182.25939032452453,179.28345207788615,181.6522565198894,48953900,AAPL
2024-02-29,179.90052795410156,181.71198177710176,178.6862603817135,180.41808835882694,136682600,AAPL
2024-03-01,178.81565856933594,179.68156498512658,176.54637506189474,178.70617492699984,73488000,AAPL
2024-03-04,174.27708435058594,176.0686126971914,172.97322823226915,175.32213749041347,81510100,AAPL
2024-03-05,169.3204803466797,171.23145507958293,168.82283020205665,169.9574719243141,95132400,AAPL
2024-03-06,168.3251953125,170.43524244414468,167.88726071561,170.25608047856306,68587700,AAPL
2024-03-07,168.2057647705078,169.92763018116116,167.6981670423948,168.35505375316498,71765100,AAPL
2024-03-08,169.92762756347656,172.8836708711805,168.14604658720506,168.20576217934803,76114600,AAPL
2024-03-11,171.93814086914062,173.56048535052068,171.2414336396481,172.12725037151972,60139500,AAPL
2024-03-12,172.41586303710938,173.2121062975323,170.20629520329734,172.3362371923594,59825400,AAPL
2024-03-13,170.3257598876953,172.37607625258147,169.95748841772314,171.9580519129805,52488700,AAPL
2024-03-14,172.1869659423828,173.49080701178275,171.2414336176872,172.0973925529764,72913500,AAPL
2024-03-15,171.80874633789062,171.80874633789062,169.48969463541124,170.3655638276482,121664700,AAPL
2024-03-18,172.903564453125,176.87481800543844,172.70450743615612,174.74487603101005,75604200,AAPL
2024-03-19,175.25250244140625,175.78001045706262,172.21683307682196,173.52067421691896,55215200,AAPL
2024-03-20,177.83030700683594,177.83030700683594,174.2671300256647,174.89417408943874,53423100,AAPL
2024-03-21,170.56460571289062,176.65585381045534,170.037097774542,176.21791925324277,106181300,AAPL
2024-03-22,171.4703369140625,172.23672240837217,169.26076900158964,170.95277649830084,71106600,AAPL
2024-03-25,170.0470733642578,171.13194711675717,168.65364374159117,169.76839047714014,54288300,AAPL
2024-03-26,168.9124298095703,170.61438491064948,168.78303590364706,169.20106023000122,57388400,AAPL
2024-03-27,172.49549865722656,172.78414425918754,169.31054062211945,169.609133760084,60273300,AAPL
2024-03-28,170.67408752441406,171.42056273337485,169.70864503919194,170.94282285202152,65672700,AAPL
2024-04-01,169.23092651367188,170.4451942217802,168.68350825393796,170.38547862745995,46240500,AAPL
2024-04-02,168.04649353027344,168.54414366405445,167.43935975957754,168.28537106183597,49329500,AAPL
2024-04-03,168.8527069091797,169.87786510696628,167.78774337767854,167.9967479570679,47691700,AAPL
2024-04-04,168.02662658691406,171.1120488206033,168.02662658691406,169.4897042530356,53704400,AAPL
2024-04-05,168.7830352783203,169.5892261323792,168.15599119757314,168.79298281447828,42055200,AAPL
2024-04-08,167.65834045410156,168.40481571452685,167.4493358859462,168.23561647794648,37425500,AAPL
2024-04-09,168.8726043701172,169.2806811483862,167.55881583801002,167.90716183961618,42451200,AAPL
2024-04-10,166.99147033691406,168.2953112001811,166.32462100940634,168.0066808175879,49709300,AAPL
2024-04-11,174.21737670898438,174.63541624491384,167.36972023014152,167.5488670137579,91070300,AAPL
2024-04-12,175.72027587890625,177.52176704196785,173.39127675717174,173.44102962389059,101593300,AAPL
2024-04-15,171.87840270996094,175.7998881273465,171.68929323241036,174.53585255667426,73531800,AAPL
2024-04-16,168.583984375,172.94338974194338,167.47920033817573,170.94284143183614,73711200,AAPL
2024-04-17,167.21046447753906,169.84800441976404,167.21046447753906,168.81289870293196,50901200,AAPL
2024-04-18,166.25494384765625,167.84743029154777,165.76725645436014,167.24029654336022,43122900,AAPL
2024-04-19,164.2245635986328,165.6179780634261,163.3088890664717,165.42888374733738,67772100,AAPL
2024-04-22,165.0605926513672,166.4739172082034,163.99562926284756,164.74210446317437,48116400,AAPL
2024-04-23,166.1156005859375,166.26490473113174,164.14491040339777,164.5728973951299,49537800,AAPL
2024-04-24,168.2256622314453,168.50434510258808,165.42887079721268,165.75730653407012,48251800,AAPL
2024-04-25,169.09158325195312,169.80820075027214,167.3597550998357,168.73327450279362,50558300,AAPL
2024-04-26,168.5043487548828,170.53475474394267,168.38490238817732,169.081624768213,44838400,AAPL
2024-04-29,172.68460083007812,175.20270935632288,172.28648678772151,172.55520693212748,68169400,AAPL
2024-04-30,169.5294952392578,174.16759809934044,169.2010443307548,172.51539602156524,65934800,AAPL
2024-05-01,168.5043487548828,171.89832652202932,168.31523926242042,168.78303163206596,50383100,AAPL
2024-05-02,172.21682739257812,172.6049939419865,170.08688513916925,171.69926693100732,94214900,AAPL
2024-05-03,182.51817321777344,186.12115543095717,181.80155578938326,185.7727942523785,163224100,AAPL
2024-05-06,180.85601806640625,183.33430600969174,179.57207221815372,181.49300962933657,78569700,AAPL
2024-05-07,181.54278564453125,184.0310366275269,180.46787458450643,182.58785409480518,77305800,AAPL
2024-05-08,181.8811798095703,182.20963072654146,180.5972339353124,181.9906634485607,45057100,AAPL
2024-05-09,183.7025909423828,183.79216432803474,181.25414542501753,181.70202754035518,48983000,AAPL
2024-05-10,182.43682861328125,184.46998840191682,181.51991222172592,184.28062242398164,50759500,AAPL
2024-05-13,185.65602111816406,186.47328168344126,184.00157793065927,184.81883849593646,72044800,AAPL
2024-05-14,186.8021697998047,187.66926595480425,185.6659889969534,186.8819036535792,52393600,AAPL
2024-05-15,189.08450317382812,190.0113806876588,186.74236879853999,187.28056849688068,70400000,AAPL
2024-05-16,189.2041015625,190.45989075478766,189.02471179656044,189.83199615864385,52845200,AAPL
2024-05-17,189.2340087890625,190.17086260921994,188.5463175718117,188.87521403256983,41282900,AAPL
2024-05-20,190.40008544921875,191.27714266640717,188.37688635675946,188.69582178398366,44361300,AAPL
2024-05-21,191.70570373535156,192.08442053272114,190.28048580582154,190.44991454290118,42309400,AAPL
2024-05-22,190.26055908203125,192.17414127105863,189.63267965869522,191.6259804985601,34648500,AAPL
2024-05-23,186.25401306152344,190.36020743395642,186.0048504863481,190.34027016979292,51005900,AAPL
2024-05-24,189.3436279296875,189.94162421863646,187.41012383078694,188.1875250894915,36294600,AAPL
2024-05-28,189.35360717773438,192.35351928350596,188.4665889665476,190.868504773859,52280100,AAPL
2024-05-29,189.652587890625,191.6060292626522,188.8752018363686,188.97487295416659,53068000,AAPL
2024-05-30,190.6492462158203,191.53626445370173,189.99146851693155,190.12102272627732,49947900,AAPL
2024-05-31,191.6060333251953,191.92496874276912,189.27387511297837,190.79874896001851,75158300,AAPL
2024-06-03,193.3800506591797,194.33684160969634,191.8751142263389,192.25383098769495,50080500,AAPL
2024-06-04,193.69898986816406,194.66574186569684,192.38340418619828,193.98801176077237,47471400,AAPL
2024-06-05,195.21389770507812,196.24044634116564,194.2172473626493,194.74547082752238,54156800,AAPL
2024-06-06,193.82855224609375,195.84179017422778,193.5195930765027,195.03450583879902,41181800,AAPL
2024-06-07,196.23048400878906,196.28031956711487,193.48969558531903,193.99798178181695,53103900,AAPL
2024-06-10,192.4730987548828,196.63910486677477,191.50634675889475,196.2404356269631,97262100,AAPL
2024-06-11,206.45611572265625,206.46609195915696,192.9814138224934,193.00133588013964,172373300,AAPL
2024-06-12,212.35630798339844,219.46241499269527,206.20696163392407,206.67538853844061,198134300,AAPL
2024-06-13,213.52236938476562,216.02395620562416,210.89121315624297,214.02069454325613,97862700,AAPL
2024-06-14,211.77822875976562,214.44924427717243,210.59221246372425,213.13367378271622,70122700,AAPL
2024-06-17,215.94422912597656,218.21659070332575,212.0074632920053,212.65527993528355,93728300,AAPL
2024-06-18,213.5721893310547,217.89766325641614,212.28651711595563,216.86113841241473,79943300,AAPL
2024-06-20,208.97764587402344,213.5223844137921,208.15043943546107,213.21341001933183,86172500,AAPL
2024-06-21,206.79498291015625,211.18023828891836,206.41625091745033,209.6852627905662,246421400,AAPL
2024-06-24,207.4427947998047,211.98751777765062,205.89798377862786,207.02420349475855,80727000,AAPL
2024-06-25,208.36968994140625,210.67194975002218,207.91122410230182,208.44940858434205,56713900,AAPL
2024-06-26,212.5356903076172,214.1402980033581,209.9344322470105,210.79155216910215,66213200,AAPL
2024-06-27,213.3828582763672,215.01736433595826,211.63872006367095,213.97087836680484,49772700,AAPL
2024-06-28,209.9144744873047,215.34623061165473,209.5955543096767,215.0472324898511,82542700,AAPL
2024-07-01,216.02395629882812,216.78140506529675,211.2101334408119,211.37956216985054,60402900,AAPL
2024-07-02,219.53216552734375,219.64179766849512,214.3794853085834,215.42595595595571,58046200,AAPL
2024-07-03,220.80789184570312,220.80789184570312,218.29632866276663,219.26308073535034,37369800,AAPL
2024-07-05,225.5818328857422,225.69146503075916,220.90754038733803,220.90754038733803,60412400,AAPL
2024-07-08,227.056884765625,227.08678305881674,222.50218547217585,226.32931907748747,59085900,AAPL
2024-07-09,227.9139862060547,228.631575647805,225.6117264169712,227.1664984715379,48076100,AAPL
2024-07-10,232.1995849609375,232.2992560750062,228.48208356286247,228.53191911989683,62627700,AAPL
2024-07-11,226.80772399902344,231.61157070495582,225.01375035477759,230.61492037011672,64710600,AAPL
2024-07-12,229.76776123046875,231.86073301422448,227.91399100155513,228.1531925563972,53046500,AAPL
2024-07-15,233.61483764648438,236.43535998230433,232.3092281117703,235.68787221439834,62631300,AAPL
2024-07-16,234.033447265625,235.4785872610991,231.55178236868576,234.21283703260292,43234300,AAPL
2024-07-17,228.1133270263672,230.68468664215072,225.88082486496336,228.68140979310064,57345900,AAPL
2024-07-18,223.42906188964844,229.66810263837593,221.52547133243425,229.50863493701104,66034600,AAPL
2024-07-19,223.55862426757812,226.04028896611686,222.5320756847993,224.06692564873424,49151500,AAPL
2024-07-22,223.20980834960938,227.01700459563804,222.34271224556252,226.24957960487185,48201800,AAPL
2024-07-23,224.25628662109375,226.17982967750157,221.93408951337017,223.61843101438217,39960300,AAPL
2024-07-24,217.80795288085938,224.04699357799979,216.40268749627205,223.24967028544495,61777600,AAPL
2024-07-25,216.76148986816406,220.11023564894725,213.9010930254534,218.19665359620475,51391200,AAPL
2024-07-26,217.2299041748047,218.75477790382115,215.2864239407029,217.96741565742542,41601300,AAPL
2024-07-29,217.50897216796875,218.5654190781,215.0273073866339,216.23326096996,36311800,AAPL
2024-07-30,218.0670928955078,219.59196666736065,215.3960621319004,218.45578591171193,41643800,AAPL
2024-07-31,221.3361053466797,223.07028238181744,219.89096542123676,220.6982497488722,50036300,AAPL
2024-08-01,217.62857055664062,223.72806581879624,216.29306274041448,223.61843367222977,62501000,AAPL
2024-08-02,219.12353515625,224.84431334230803,216.98074309833058,218.41590675319648,105568600,AAPL
2024-08-05,208.5690155029297,212.7848420736874,195.34346157584417,198.42310739676375,119548600,AAPL
2024-08-06,206.5358428955078,209.28660752946874,200.39648844230862,204.61231506511243,69660500,AAPL
2024-08-07,209.1171875,212.9243839975228,205.69866882998738,206.2069550428707,63516400,AAPL
2024-08-08,212.59547424316406,213.4824924067945,208.13048513245963,212.39614722358988,47161100,AAPL
2024-08-09,215.51568603515625,216.05387055494424,211.259984607228,211.38955402452135,42201600,AAPL
2024-08-12,217.0522918701172,219.02793942662467,215.12653755613,215.59550663031672,38028100,AAPL
2024-08-13,220.78407287597656,221.40270642093424,218.52902632127157,218.52902632127157,44155300,AAPL
2024-08-14,221.23309326171875,222.54021400164925,219.21752501736546,220.08562480803565,41960600,AAPL
2024-08-15,224.22650146484375,224.8551228159093,222.27079905335071,224.10676986474735,46414000,AAPL
2024-08-16,225.5535888671875,226.33187474025672,223.15885022096822,223.42826155403992,44340200,AAPL
2024-08-19,225.39393615722656,225.4937226434457,222.5501887780633,225.2243113108782,40687800,AAPL
2024-08-20,226.0125732421875,226.6711275207631,224.95490346311303,225.27420804373648,30299000,AAPL
2024-08-21,225.90280151367188,227.47933353511345,224.5557753561492,226.02254833732334,34765500,AAPL
2024-08-22,224.03692626953125,227.8385569948794,223.4083048904395,227.28976176117078,43695300,AAPL
2024-08-23,226.3418426513672,227.7188169640382,223.83736023691762,225.16444130741013,38677300,AAPL
2024-08-26,226.68109130859375,226.7808777924977,223.39832305195915,226.2620154817008,30602200,AAPL
2024-08-27,227.5292205810547,228.3474270817302,224.39611696496783,225.5036798955901,35934600,AAPL
2024-08-28,225.99261474609375,229.35520907583674,225.18438078371824,227.4194670399241,38052200,AAPL
2024-08-29,229.28536987304688,232.4085012026452,228.37737982242845,229.59470189609323,51906300,AAPL
2024-08-30,228.49710083007812,229.89402024722435,226.98043458769098,229.6844899472923,52990800,AAPL
2024-09-03,222.28077697753906,228.49709095305272,220.68428466242796,228.04808224732741,50190600,AAPL
2024-09-04,220.36500549316406,221.29295584608857,217.0023958735564,221.17322424578342,43840200,AAPL
2024-09-05,221.89163208007812,224.98481497811864,221.03352013282222,221.14327916881817,36615400,AAPL
2024-09-06,220.3350830078125,224.74537478911404,219.28738577978086,223.4581991238727,48423000,AAPL
2024-09-09,220.42486572265625,220.7840757397734,216.23409233980902,220.33506702469683,67180000,AAPL
2024-09-10,219.6266326904297,220.99361925876318,216.25405039598212,218.4392435287618,51591000,AAPL
2024-09-11,222.1710205078125,222.6000688776049,217.4114916314568,220.9736588702828,44587100,AAPL
2024-09-12,222.28077697753906,223.059062794204,219.33725854525207,222.01136566399225,37498200,AAPL
2024-09-13,222.01138305664062,223.5479944694599,221.42268236911949,223.08901316997165,36766600,AAPL
2024-09-16,215.84495544433594,216.74297289953918,213.4502168549942,216.0644583037111,59357400,AAPL
2024-09-17,216.31390380859375,216.42366284814068,214.02893954474482,215.27619443719672,45519300,AAPL
2024-09-18,220.20535278320312,222.22092099435915,217.06226125375574,217.07224903728172,59894900,AAPL
2024-09-19,228.3673858642578,229.31531179988679,224.1367068474718,224.49591687958383,66781300,AAPL
2024-09-20,227.6988525390625,232.57811312113958,227.12012443578536,229.46496974860833,318679900,AAPL
2024-09-23,225.97265625,228.94610768522742,225.31410200503296,226.8407407931877,54146000,AAPL
2024-09-24,226.8706817626953,228.8463445678705,225.2342838755063,228.14786961487798,43556100,AAPL
2024-09-25,225.8728790283203,226.79085685048213,223.52804884217394,224.43603888049125,42308700,AAPL
2024-09-26,227.02035522460938,227.99819881641105,224.9149883158055,226.80083714120576,36636700,AAPL
2024-09-27,227.2897491455078,229.01596089620384,226.80083496693393,227.9582911728241,34026000,AAPL
2024-09-30,232.4883270263672,232.4883270263672,229.14567760776433,229.53482055042815,54541900,AAPL
2024-10-01,225.71324157714844,229.14567442683443,223.24866456606327,229.01597026460064,63285000,AAPL
2024-10-02,226.281982421875,226.8706831083472,222.5302449869956,225.39393750024195,32880600,AAPL
2024-10-03,225.17440795898438,226.3119038145279,222.82957789090332,224.64557310138042,34044200,AAPL
2024-10-04,226.30194091796875,227.49930262356304,223.63780617480538,227.39951613756347,37245100,AAPL
2024-10-07,221.20315551757812,225.1943712346882,220.84394549402703,224.0069821228032,39505400,AAPL
2024-10-08,225.27420043945312,225.4837307412941,222.75973024040246,223.80742742544692,31855700,AAPL
2024-10-09,229.03591918945312,229.24546472466872,224.33627096325682,224.73538646570117,33591100,AAPL
2024-10-10,228.53701782226562,228.99601435408132,226.67112924406288,227.27979028338342,28183500,AAPL
2024-10-11,227.05029296875,228.9062089337624,226.84074743911052,228.79644988971887,31759200,AAPL
2024-10-14,230.79205322265625,231.22110160659443,228.09798564307096,228.19775690140833,39882100,AAPL
2024-10-15,233.33645629882812,236.9684620133565,231.85969551276995,233.0969778733182,64751400,AAPL
2024-10-16,231.27099609375,231.61024577942743,229.33525401328018,231.09139869260778,34082200,AAPL
2024-10-17,231.6401824951172,233.3364614020046,230.0137723986246,232.9173703418766,32993800,AAPL
2024-10-18,234.48391723632812,235.66131853389138,233.4960858911256,235.66131853389138,46431500,AAPL
2024-10-21,235.96067810058594,236.32987592195377,233.9351372634737,233.9351372634737,36254500,AAPL
2024-10-22,235.342041015625,235.70125104779564,232.08920560922664,233.376366009758,38846600,AAPL
2024-10-23,230.25323486328125,234.62362105235994,227.25982300232985,233.56595129753524,52287000,AAPL
2024-10-24,230.0636749267578,230.3131259260407,227.90841463888628,229.47495899723685,31109500,AAPL
2024-10-25,230.9018096923828,232.7078323586645,229.0658541264054,229.23547896644118,38802300,AAPL
2024-10-28,232.88743591308594,234.21451699403664,232.03931169048735,232.80762499530724,36087100,AAPL
2024-10-29,233.15684509277344,233.815399347975,231.8098189074392,232.58810476348472,35417200,AAPL
2024-10-30,229.5946807861328,232.95727501758805,229.04588560251634,232.09916306464564,47070900,AAPL
2024-10-31,225.4138946533203,229.325284321648,224.8750719925984,228.83635490362704,64370100,AAPL
2024-11-01,222.42047119140625,224.8551151455125,219.78626950218685,220.48472918772245,65276700,AAPL
2024-11-04,221.52244567871094,222.3007315284092,219.2275088130919,220.5046966292777,44944500,AAPL
2024-11-05,222.95928955078125,223.45819152571042,220.65436486265338,221.31291912362707,28111300,AAPL
2024-11-06,222.23089599609375,225.5735453041769,220.7042571772517,222.12113695305962,54561100,AAPL
2024-11-07,226.98043823242188,227.37956894750107,224.0768403097807,224.13670611072257,42137700,AAPL
2024-11-08,226.7107391357422,228.4088689967903,226.16134014604208,226.92049995960826,38328800,AAPL
2024-11-11,223.98373413085938,225.45212091614073,221.25673663335022,224.7528927426808,42005600,AAPL
2024-11-12,223.98373413085938,225.34224111445195,223.11469448970428,224.30339000560164,40398300,AAPL
2024-11-13,224.8727569580078,226.4010754152989,222.5153482196322,223.76397540644066,48566200,AAPL
2024-11-14,227.9693603515625,228.61864039722624,224.7528954725484,224.77287777547028,44923900,AAPL
2024-11-15,224.7528839111328,226.67077335813082,224.023689933323,226.15134020310103,47923700,AAPL
2024-11-18,227.7695770263672,229.4876892234719,224.92270099550518,225.00261496304853,44686000,AAPL
2024-11-19,228.02928161621094,229.90722171238716,226.41106572007726,226.73070634208972,36211800,AAPL
2024-11-20,228.7484893798828,229.67746064503265,225.64190448211673,227.80951934283004,35169600,AAPL
2024-11-21,228.26902770996094,229.90722593821596,225.46211628612434,228.6286329426038,42108300,AAPL
2024-11-22,229.61753845214844,230.46661102927646,227.80952873867182,227.80952873867182,38168300,AAPL
2024-11-25,232.61424255371094,232.99383009111634,229.48769048234254,231.2058026888721,90152800,AAPL
2024-11-26,234.8018341064453,235.31128373473052,233.07373841155265,233.07373841155265,45986200,AAPL
2024-11-27,234.67198181152344,235.43115689965902,233.55321672420507,234.21249554010248,33498400,AAPL
2024-11-29,237.06935119628906,237.5488197625333,233.71304074851764,234.55211454995276,28481400,AAPL
2024-12-02,239.3268585205078,240.52553753151284,236.89953466637493,237.00941446483552,48137100,AAPL
2024-12-03,242.3834991455078,242.49337894569658,238.6376176509325,239.54662188503684,38861000,AAPL
2024-12-04,242.74310302734375,243.84190102311462,240.9850414761411,242.60325739533934,44383900,AAPL
2024-12-05,242.7730712890625,244.2714238935446,241.86408229295347,243.72204013219255,40033900,AAPL
2024-12-06,242.5732879638672,244.3613305629988,241.8141281502541,242.6432183998472,36870600,AAPL
2024-12-09,246.47900390625,246.96847124510987,241.48449521514058,241.56440918324205,44649200,AAPL
2024-12-10,247.4978790283203,247.93739821602466,245.0705399660552,246.61884065291167,36914800,AAPL
2024-12-11,246.2192840576172,250.52454792031958,245.98952569372008,247.68767076725757,45205800,AAPL
2024-12-12,247.68768310546875,248.46682524629017,245.41017310687806,246.61885092340057,32777500,AAPL
2024-12-13,247.85748291015625,249.01619729452798,245.96955931284188,247.54782582286595,33155300,AAPL
2024-12-16,250.7642822265625,251.10392039685559,247.3780059899919,247.71764416028498,51694800,AAPL
2024-12-17,253.20159912109375,253.5512208135588,249.50566587259755,249.80533943156328,51356400,AAPL
2024-12-18,247.77757263183594,254.0007260278641,247.46791553993853,251.88305927654196,56774100,AAPL
2024-12-19,249.51565551757812,251.72323503929724,246.81862390484895,247.22817727073837,60882300,AAPL
2024-12-20,254.21051025390625,254.71994465608725,245.42017186050566,247.76758181309805,147495300,AAPL
2024-12-23,254.98965454101562,255.36922684225433,253.17164603591402,254.49020366493687,40858800,AAPL
2024-12-24,257.91644287109375,257.92641115938613,255.0096198916901,255.2094124344067,23234700,AAPL
2024-12-26,258.7355041503906,259.81433504408284,257.34704665632455,257.90642916266114,27237100,AAPL
2024-12-27,255.30929565429688,258.41589596104086,252.78207543596488,257.54682582842287,42355300,AAPL
2024-12-30,251.9230194091797,253.22159473829512,250.47461491371794,251.95298524244893,35557500,AAPL
2024-12-31,250.1449737548828,253.00183336212825,249.15605553782555,252.16275955239965,39480700,AAPL
2025-01-02,243.5821990966797,248.826433311358,241.55442975303322,248.65660659999048,55740700,AAPL
2025-01-03,243.0927276611328,243.91181916074598,241.624340886356,243.0927276611328,40244100,AAPL
2025-01-06,244.73092651367188,247.05836939894766,242.93290033169586,244.04168187374515,45045600,AAPL
2025-01-07,241.94400024414062,245.28032844029428,241.08494412707995,242.71314361950866,40856000,AAPL
2025-01-08,242.43344116210938,243.44234164075266,239.78635773622742,241.65429905026372,37628900,AAPL
2025-01-10,236.58987426757812,239.8962364632009,232.74409661721964,239.7463920626497,61710900,AAPL
2025-01-13,234.14256286621094,234.41227060505477,229.46771001708314,233.27352322575203,49630700,AAPL
2025-01-14,233.02378845214844,235.8606656353981,232.21468051006943,234.49217517741417,39435300,AAPL
2025-01-15,237.60874938964844,238.6975638581554,234.17252500331003,234.38230107288462,39832000,AAPL
2025-01-16,228.00930786132812,237.74859991927732,227.7795647267042,237.089336348529,71759100,AAPL
2025-01-17,229.7274169921875,232.03487756376998,228.22906438809179,231.86506609768284,68488300,AAPL
2025-01-21,222.39547729492188,224.17352112887505,219.13906319002535,223.75398423747347,98070400,AAPL
2025-01-22,223.58416748046875,223.87384226456615,219.54859611049605,219.54859611049605,64126500,AAPL
2025-01-23,223.41436767578125,226.78066167492807,222.05586069453574,224.493183388126,60234800,AAPL
2025-01-24,222.5353240966797,225.38220009721186,221.16683361690275,224.53312753788666,54697900,AAPL
2025-01-27,229.6075439453125,231.89502211760887,223.73399710835045,223.77396171163917,94863400,AAPL
2025-01-28,237.99832153320312,239.9262098046868,230.55650666713984,230.59647127201654,75707600,AAPL
2025-01-29,239.0971221923828,239.5965730646729,233.75299176206667,233.86287156365174,45486100,AAPL
2025-01-30,237.3290557861328,240.52553823889048,236.94948349745044,238.40787147181928,55658300,AAPL
2025-01-31,235.74081420898438,246.91852728753366,233.18362815459494,246.91852728753366,101075100,AAPL
2025-02-03,227.75958251953125,231.5753945205246,225.45212191586603,229.73741895869952,73063300,AAPL
2025-02-04,232.54432678222656,232.87396618357337,226.40107197135944,227.00041910872287,45067300,AAPL
2025-02-05,232.21469116210938,232.4144684638066,228.0193068583431,228.27901582634638,39620300,AAPL
2025-02-06,232.9638671875,233.54323203112875,230.17692277145878,231.0359788855247,29925300,AAPL
2025-02-07,227.3800048828125,233.74300400322835,227.0104008794231,232.3445476829273,39707200,AAPL
2025-02-10,227.64999389648438,230.58999633789062,227.1999969482422,229.57000732421875,33115600,AAPL
2025-02-11,232.6199951171875,235.22999572753906,228.1300048828125,228.1999969482422,53718400,AAPL
2025-02-12,236.8699951171875,236.9600067138672,230.67999267578125,231.1999969482422,45243300,AAPL
2025-02-13,241.52999877929688,242.33999633789062,235.57000732421875,236.91000366210938,53614100,AAPL
2025-02-14,244.60000610351562,245.5500030517578,240.99000549316406,241.25,40896200,AAPL
2025-02-18,244.47000122070312,245.17999267578125,241.83999633789062,244.14999389648438,48822500,AAPL
2025-02-19,244.8699951171875,246.00999450683594,243.16000366210938,244.66000366210938,32204200,AAPL
2025-02-20,245.8300018310547,246.77999877929688,244.2899932861328,244.94000244140625,32316900,AAPL
2025-02-21,245.5500030517578,248.69000244140625,245.22000122070312,245.9499969482422,53197400,AAPL
2025-02-24,247.10000610351562,248.86000061035156,244.4199981689453,244.92999267578125,51326400,AAPL
2025-02-25,247.0399932861328,250.0,244.91000366210938,248.0,48013300,AAPL
2025-02-26,240.36000061035156,244.97999572753906,239.1300048828125,244.3300018310547,44433600,AAPL
2025-02-27,237.3000030517578,242.4600067138672,237.05999755859375,239.41000366210938,41153600,AAPL
2025-02-28,241.83999633789062,242.08999633789062,230.1999969482422,236.9499969482422,56833400,AAPL
2025-03-03,238.02999877929688,244.02999877929688,236.11000061035156,241.7899932861328,47184000,AAPL
2025-03-04,235.92999267578125,240.07000732421875,234.67999267578125,237.7100067138672,53798100,AAPL
2025-03-05,235.74000549316406,236.5500030517578,229.22999572753906,235.4199981689453,47227600,AAPL
2025-03-06,235.3300018310547,237.86000061035156,233.16000366210938,234.44000244140625,45170400,AAPL
2025-03-07,239.07000732421875,241.3699951171875,234.75999450683594,235.11000061035156,46273600,AAPL
2025-03-10,227.47999572753906,236.16000366210938,224.22000122070312,235.5399932861328,72071200,AAPL
2025-03-11,220.83999633789062,225.83999633789062,217.4499969482422,223.80999755859375,76137400,AAPL
2025-03-12,216.97999572753906,221.75,214.91000366210938,220.13999938964844,62547500,AAPL
2025-03-13,209.67999267578125,216.83999633789062,208.4199981689453,215.9499969482422,61368300,AAPL
2025-03-14,213.49000549316406,213.9499969482422,209.5800018310547,211.25,60107600,AAPL
2025-03-17,214.0,215.22000122070312,209.97000122070312,213.30999755859375,48073400,AAPL
2025-03-18,212.69000244140625,215.14999389648438,211.49000549316406,214.16000366210938,42432400,AAPL
2025-03-19,215.24000549316406,218.75999450683594,213.75,214.22000122070312,54385400,AAPL
2025-03-20,214.10000610351562,217.49000549316406,212.22000122070312,213.99000549316406,48862900,AAPL
2025-03-21,218.27000427246094,218.83999633789062,211.27999877929688,211.55999755859375,94127800,AAPL
2025-03-24,220.72999572753906,221.47999572753906,218.5800018310547,221.0,44299500,AAPL
2025-03-25,223.75,224.10000610351562,220.0800018310547,220.77000427246094,34493600,AAPL
2025-03-26,221.52999877929688,225.02000427246094,220.47000122070312,223.50999450683594,34466100,AAPL
